{"cameraMode":{"drawMode":0,"name":"Shaded","section":"Shading Mode"},"sceneLighting":false,"audioPlay":false,"sceneViewState":{"m_AlwaysRefresh":false,"showFog":true,"showSkybox":false,"showFlares":true,"showImageEffects":true,"showParticleSystems":true,"showVisualEffectGraphs":true,"m_FxEnabled":true},"in2DMode":false,"pivot":{"x":0.0007422827184200287,"y":0.49900001287460329,"z":-7.962066173553467},"rotation":{"x":0.11778965592384339,"y":0.7654021382331848,"z":-0.14638751745224,"w":0.6156565546989441},"size":0.13437797129154206,"orthographic":false}